{
  "5": {
    "jpeg": {
      "avgTime": 13.544977611939975,
      "avgSize": 33915.31343283582,
      "avgRatio": 15.559717408114231,
      "avgQuality": 80
    },
    "jp2": {
      "avgTime": 285.3581477611936,
      "avgSize": 104867.86567164179,
      "avgRatio": 4.999510562199633
    },
    "jph": {
      "avgTime": 57.4947985074624,
      "avgSize": 15262.089552238805,
      "avgRatio": 35.70845205399865
    }
  },
  "10": {
    "jpeg": {
      "avgTime": 12.766325373134547,
      "avgSize": 24315.223880597016,
      "avgRatio": 21.672429780588192,
      "avgQuality": 60
    },
    "jp2": {
      "avgTime": 260.6370880597024,
      "avgSize": 52439.41791044776,
      "avgRatio": 9.997975365359169
    },
    "jph": {
      "avgTime": 58.59885820895522,
      "avgSize": 24330.507462686568,
      "avgRatio": 22.3171772616514
    }
  },
  "15": {
    "jpeg": {
      "avgTime": 12.781761194030404,
      "avgSize": 24315.223880597016,
      "avgRatio": 21.672429780588192,
      "avgQuality": 60
    },
    "jp2": {
      "avgTime": 261.34574328358144,
      "avgSize": 34965.28358208955,
      "avgRatio": 14.99453037324574
    },
    "jph": {
      "avgTime": 57.29535820895397,
      "avgSize": 30047.298507462685,
      "avgRatio": 18.04466338296256
    }
  },
  "20": {
    "jpeg": {
      "avgTime": 11.958376119403303,
      "avgSize": 18956.34328358209,
      "avgRatio": 27.767530319568454,
      "avgQuality": 40
    },
    "jp2": {
      "avgTime": 250.98995820895544,
      "avgSize": 26227.4776119403,
      "avgRatio": 19.990027885793697
    },
    "jph": {
      "avgTime": 60.84195820895551,
      "avgSize": 34852.164179104475,
      "avgRatio": 15.542611522385366
    }
  },
  "30": {
    "jpeg": {
      "avgTime": 12.161268656716073,
      "avgSize": 14363.10447761194,
      "avgRatio": 36.60087664978105,
      "avgQuality": 25
    },
    "jp2": {
      "avgTime": 235.39185522388115,
      "avgSize": 17489.940298507463,
      "avgRatio": 29.976547094057285
    },
    "jph": {
      "avgTime": 62.298983582089335,
      "avgSize": 42469.67164179104,
      "avgRatio": 12.732647973777127
    }
  },
  "50": {
    "jpeg": {
      "avgTime": 11.00756716417823,
      "avgSize": 8130.6567164179105,
      "avgRatio": 64.54331843124818,
      "avgQuality": 10
    },
    "jp2": {
      "avgTime": 230.25762985074667,
      "avgSize": 10496.179104477613,
      "avgRatio": 49.95045693241823
    },
    "jph": {
      "avgTime": 62.94032985074643,
      "avgSize": 53723.0447761194,
      "avgRatio": 10.031635134379943
    }
  }
}